Date,TCS,INFY,TATASTEEL,HDFC,SBIN,BHARTIARTL,MARUTI,ASIANPAINT,HINDUNILVR,SUNPHARMA
2016-01-01,2416.4,1105.25,257.4,1258.45,227.8,340.5,4638.5,878.75,856.55,815.55
2016-01-04,2369.6,1078.9,256.9,1216.7,220.7,326.8,4580.65,880.8,859.0,799.1
2016-01-05,2348.95,1074.05,274.3,1209.4,217.75,323.45,4566.95,900.65,847.95,800.5
2016-01-06,2381.6,1069.35,268.75,1209.3,216.85,322.2,4480.8,886.4,843.05,791.95
2016-01-07,2371.25,1050.8,249.9,1179.45,209.55,322.35,4267.9,872.35,820.25,783.8
2016-01-08,2397.6,1063.3,253.6,1174.4,208.95,323.85,4214.75,874.6,809.85,794.15
2016-01-11,2362.35,1055.7,251.65,1161.55,204.3,321.15,4272.4,873.85,811.75,782.25
2016-01-12,2327.05,1049.95,245.75,1151.85,199.4,315.4,4266.7,872.9,819.7,788.15
2016-01-13,2279.2,1083.4,246.6,1167.65,200.9,308.6,4291.25,868.55,832.75,796.6
2016-01-14,2278.8,1133.0,238.75,1159.3,196.05,308.75,4248.25,889.4,827.25,791.85
2016-01-15,2261.1,1139.9,229.7,1149.8,184.3,306.1,4273.35,879.25,804.25,787.1
2016-01-18,2277.65,1131.9,235.9,1131.8,181.0,300.25,4236.2,850.3,809.95,784.95
2016-01-19,2279.3,1139.65,238.0,1153.0,182.95,310.3,4198.15,845.55,810.45,793.9
2016-01-20,2280.1,1121.25,232.0,1136.65,173.65,309.6,4058.95,840.35,795.05,792.6
2016-01-21,2254.5,1137.05,235.6,1131.1,175.6,309.3,3891.7,844.45,775.6,773.15
2016-01-22,2295.75,1136.25,247.8,1158.45,184.6,298.7,4104.95,869.95,771.5,789.2
2016-01-25,2304.65,1137.65,254.9,1174.6,182.95,297.5,4081.35,878.6,783.3,807.25
2016-01-27,2319.75,1138.5,257.6,1169.95,184.4,297.8,4111.95,858.55,767.9,821.15
2016-01-28,2331.2,1129.6,254.2,1147.75,185.25,291.4,4103.3,858.95,791.75,834.15
2016-01-29,2391.3,1164.9,249.7,1180.0,179.9,289.9,4095.85,869.9,816.9,872.95
2016-02-01,2402.7,1173.35,249.3,1180.05,172.75,296.6,3948.25,887.4,800.95,872.3
2016-02-02,2398.1,1175.55,231.45,1179.8,169.4,302.2,3874.95,882.5,800.1,835.15
2016-02-03,2416.3,1157.7,224.0,1160.95,166.05,299.8,3828.35,863.7,821.6,834.9
2016-02-04,2420.05,1179.75,225.95,1168.35,162.85,304.25,3794.65,889.35,834.8,835.6
2016-02-05,2421.95,1174.7,233.85,1182.95,168.2,307.2,3723.4,899.25,844.95,857.55
2016-02-08,2362.95,1150.8,234.1,1164.1,172.15,311.0,3732.55,888.6,828.9,835.65
2016-02-09,2281.4,1107.65,235.5,1159.9,167.05,312.25,3657.1,884.2,826.35,854.05
2016-02-10,2268.8,1108.55,235.7,1116.55,159.0,311.3,3678.55,876.55,824.55,855.75
2016-02-11,2197.95,1078.65,224.5,1066.65,154.25,308.7,3541.45,855.7,802.6,830.4
2016-02-12,2226.6,1084.65,217.5,1083.75,154.8,324.55,3549.65,854.9,812.6,847.35
2016-02-15,2269.15,1091.75,246.7,1080.45,167.85,318.9,3711.25,858.7,804.7,850.2
2016-02-16,2265.55,1079.15,244.85,1077.15,156.4,315.3,3705.2,840.3,803.2,827.8
2016-02-17,2275.55,1097.85,251.25,1076.3,158.95,319.55,3749.15,856.0,812.55,855.8
2016-02-18,2315.85,1123.4,250.85,1069.1,159.8,321.2,3653.25,835.25,827.4,870.45
2016-02-19,2319.65,1127.25,253.25,1060.85,164.7,326.05,3579.15,854.7,827.6,864.2
2016-02-22,2315.9,1126.65,255.25,1058.4,164.95,329.1,3520.8,870.85,861.65,882.45
2016-02-23,2264.0,1123.9,253.55,1051.1,158.5,321.3,3487.4,877.1,836.85,871.1
2016-02-24,2210.95,1125.35,247.9,1022.1,156.3,323.95,3489.7,881.8,836.75,854.55
2016-02-25,2212.85,1110.3,248.15,1042.65,151.8,322.55,3414.15,861.7,842.8,875.35
2016-02-26,2210.5,1121.15,248.45,1053.7,155.9,317.95,3409.2,862.55,849.9,871.9
2016-02-29,2176.8,1084.05,249.1,1060.3,158.75,315.5,3236.5,846.1,830.4,853.9
2016-03-01,2276.65,1125.45,257.05,1069.45,162.05,320.7,3494.4,871.95,824.15,868.4
2016-03-02,2318.85,1156.0,267.55,1099.55,181.15,326.35,3612.65,871.85,849.25,851.85
2016-03-03,2373.15,1169.3,287.05,1124.15,182.75,333.4,3608.65,880.25,848.9,870.9
2016-03-04,2357.55,1170.65,288.55,1129.0,188.4,329.25,3555.1,865.8,848.75,856.8
2016-03-08,2354.3,1163.45,291.8,1146.45,183.35,331.5,3462.65,875.7,826.25,858.6
2016-03-09,2357.25,1178.5,295.4,1128.65,183.4,334.6,3576.4,876.2,839.65,860.9
2016-03-10,2348.3,1142.5,296.7,1153.15,180.5,336.3,3627.2,894.75,837.55,865.05
2016-03-11,2365.25,1143.0,294.05,1160.5,180.1,337.25,3641.2,898.35,851.6,868.2
2016-03-14,2355.0,1141.2,296.7,1158.7,181.75,340.75,3648.15,899.35,857.15,862.2
2016-03-15,2329.9,1134.4,300.45,1111.35,185.3,342.9,3654.55,884.6,840.8,843.15
2016-03-16,2327.05,1152.45,299.5,1125.95,185.2,338.5,3667.35,864.9,844.15,835.75
2016-03-17,2352.05,1161.75,295.9,1108.05,186.35,340.75,3635.45,872.55,849.65,827.25
2016-03-18,2425.85,1193.4,302.2,1129.3,191.25,344.3,3621.4,875.35,848.35,816.0
2016-03-21,2446.25,1194.9,303.55,1151.25,196.8,353.65,3669.55,859.65,879.65,836.45
2016-03-22,2473.1,1189.95,309.8,1168.1,197.5,350.9,3699.55,853.35,870.15,844.6
2016-03-23,2473.8,1207.8,317.2,1162.75,196.6,358.2,3736.0,850.0,873.6,846.2
2016-03-28,2473.4,1204.9,299.15,1143.35,188.3,349.8,3638.95,845.4,863.65,809.25
2016-03-29,2469.4,1197.25,303.85,1125.75,189.5,354.5,3729.95,856.1,861.15,794.35
2016-03-30,2489.5,1205.95,324.3,1115.3,197.55,353.8,3727.45,881.85,861.65,811.7
2016-03-31,2520.3,1218.3,319.7,1105.6,194.25,350.8,3716.3,868.4,869.5,820.0
2016-04-01,2453.9,1205.45,317.75,1113.4,195.65,335.45,3723.2,870.0,867.8,815.1
2016-04-04,2471.25,1243.7,320.35,1103.7,194.7,348.5,3683.25,886.15,872.2,815.05
2016-04-05,2462.75,1219.8,312.3,1103.45,184.35,330.5,3554.85,869.85,868.5,800.8
2016-04-06,2481.9,1200.7,328.55,1102.05,183.85,334.5,3573.05,863.3,871.7,809.55
2016-04-07,2470.8,1181.5,323.7,1070.85,181.95,331.25,3471.0,858.25,860.0,811.7
2016-04-08,2432.05,1165.75,322.1,1079.55,183.1,334.6,3430.65,851.55,850.4,811.75
2016-04-11,2506.65,1183.9,331.15,1079.8,188.25,348.25,3478.65,860.0,864.3,817.3
2016-04-12,2518.15,1182.2,324.5,1090.5,187.8,350.1,3573.7,866.9,872.5,823.6
2016-04-13,2526.2,1172.7,332.85,1114.95,191.9,351.25,3731.6,874.35,897.7,833.05
2016-04-18,2519.75,1238.7,335.55,1132.4,186.75,359.4,3718.95,885.2,899.15,837.8
2016-04-20,2450.35,1243.6,357.45,1140.0,187.3,356.65,3670.05,885.8,904.1,828.55
2016-04-21,2424.4,1226.3,354.55,1150.1,194.35,357.25,3705.3,889.15,904.05,832.9
2016-04-22,2417.05,1211.25,353.65,1131.9,200.15,353.1,3816.05,871.55,884.2,820.2
2016-04-25,2451.25,1215.85,347.45,1112.0,197.05,358.95,3727.95,861.75,884.15,808.85
2016-04-26,2489.8,1232.15,358.6,1127.3,200.95,360.4,3871.55,876.9,885.75,814.4
2016-04-27,2511.1,1240.15,356.75,1121.5,196.15,373.05,3859.4,889.85,892.2,813.95
2016-04-28,2527.75,1209.15,347.6,1085.55,192.05,372.7,3747.95,873.1,876.25,801.95
2016-04-29,2535.5,1208.1,351.1,1088.45,189.0,363.6,3794.65,866.25,867.9,811.3
2016-05-02,2526.7,1201.05,346.95,1091.9,186.0,357.8,3830.85,864.8,863.95,811.8
2016-05-03,2478.1,1177.8,348.9,1099.6,184.05,368.35,3819.95,872.0,851.0,798.25
2016-05-04,2478.0,1188.85,328.75,1129.9,179.95,361.45,3811.55,873.6,853.4,804.2
2016-05-05,2470.3,1192.45,331.8,1162.65,180.35,354.4,3836.85,867.05,850.15,810.45
2016-05-06,2473.4,1181.5,329.3,1167.8,184.35,359.1,3818.95,889.05,853.4,804.4
2016-05-09,2512.55,1199.05,328.7,1203.6,188.7,366.8,3846.5,906.6,845.5,805.3
2016-05-10,2522.9,1212.8,328.05,1218.55,189.5,368.85,3844.8,898.35,862.45,802.15
2016-05-11,2518.3,1201.85,329.8,1203.8,185.0,358.9,3890.05,907.85,862.55,796.3
2016-05-12,2566.2,1210.0,330.6,1195.85,188.5,362.1,3854.2,928.8,853.0,803.55
2016-05-13,2523.4,1207.25,322.65,1166.0,184.85,354.9,3846.25,943.65,831.8,795.05
2016-05-16,2551.15,1215.0,326.4,1186.45,176.8,353.45,3881.6,952.65,846.25,797.85
2016-05-17,2570.2,1214.25,327.15,1217.85,176.85,351.2,3950.7,969.65,834.05,799.9
2016-05-18,2551.1,1209.85,329.05,1208.2,179.95,351.25,3914.9,963.25,825.5,795.3
2016-05-19,2556.95,1205.75,326.25,1175.85,172.7,344.8,3926.6,956.8,815.1,792.5
2016-05-20,2529.3,1201.6,322.65,1179.55,171.35,341.95,3944.95,956.0,812.4,791.35
2016-05-23,2491.45,1188.0,313.55,1160.25,168.4,345.85,3913.85,946.6,819.6,784.55
2016-05-24,2467.7,1187.75,317.7,1172.75,169.5,345.15,3924.2,956.25,823.1,772.3
2016-05-25,2526.45,1208.65,324.6,1207.05,175.1,351.65,4060.95,982.25,840.1,785.45
2016-05-26,2548.7,1234.15,325.2,1228.25,184.15,352.85,4118.0,991.85,850.35,779.35
2016-05-27,2572.65,1247.5,329.6,1255.55,195.9,351.25,4146.6,998.25,861.2,824.95
2016-05-30,2636.4,1267.6,322.35,1233.95,198.85,355.9,4071.75,984.9,854.35,812.1
2016-05-31,2569.4,1248.65,334.35,1237.7,204.95,351.4,4161.6,984.85,848.2,762.75
2016-06-01,2633.55,1258.2,332.15,1243.25,198.25,363.25,4165.35,1021.7,855.15,754.55
2016-06-02,2650.15,1261.55,340.65,1260.55,200.55,366.2,4186.65,1024.05,868.2,746.75
2016-06-03,2629.55,1266.9,338.55,1254.9,196.6,358.15,4217.95,1025.3,884.85,737.35
2016-06-06,2612.5,1266.75,337.85,1251.65,198.9,348.75,4142.0,1026.3,879.35,724.4
2016-06-07,2631.15,1257.4,342.6,1251.3,210.15,349.15,4135.65,1032.75,897.05,738.8
2016-06-08,2613.1,1238.1,341.5,1262.5,210.7,352.65,4160.1,1018.05,897.2,738.0
2016-06-09,2577.25,1185.5,342.05,1237.5,209.95,351.25,4169.15,998.8,876.45,742.7
2016-06-10,2555.75,1180.6,334.4,1230.4,205.95,351.1,4111.5,992.05,874.65,741.4
2016-06-13,2547.0,1180.9,323.1,1205.35,201.8,342.4,4134.75,994.9,874.2,746.45
2016-06-14,2534.85,1175.0,324.95,1198.2,207.7,342.65,4104.5,986.5,865.7,753.7
2016-06-15,2556.85,1189.95,330.25,1205.15,216.05,351.9,4209.6,998.4,874.65,751.6
2016-06-16,2558.3,1186.0,330.5,1200.95,216.0,346.5,4084.1,1006.55,879.45,754.6
2016-06-17,2602.6,1179.5,325.45,1227.3,213.45,357.0,4114.5,999.6,881.35,743.2
2016-06-20,2659.3,1208.75,336.25,1227.55,215.9,364.5,4133.2,991.5,879.4,739.85
2016-06-21,2651.2,1206.1,334.05,1238.15,214.0,362.2,4157.4,982.05,870.25,736.3
2016-06-22,2667.65,1199.5,332.45,1238.35,212.9,363.05,4151.35,985.45,859.25,740.05
2016-06-23,2645.35,1211.6,333.95,1245.5,217.55,364.8,4168.6,984.1,869.35,752.6
2016-06-24,2573.95,1194.55,312.65,1222.75,211.25,355.85,4070.05,989.55,859.1,754.75
2016-06-27,2495.85,1166.2,310.5,1214.6,217.15,351.15,4025.1,974.3,858.85,773.75
2016-06-28,2463.95,1159.15,311.5,1228.9,215.9,357.1,4078.7,980.2,887.75,765.1
2016-06-29,2502.9,1176.85,313.6,1248.55,217.2,356.2,4131.25,994.2,883.8,770.3
2016-06-30,2553.1,1170.8,321.95,1253.6,218.8,366.8,4187.2,1003.3,898.55,763.1
2016-07-01,2500.85,1172.4,328.1,1242.35,219.6,368.35,4165.4,1002.5,897.6,763.35
2016-07-04,2494.2,1183.95,331.25,1256.25,223.0,373.35,4173.8,1000.4,893.05,770.8
2016-07-05,2485.3,1175.45,333.65,1260.7,223.5,365.9,4173.35,985.1,890.2,774.5
2016-07-07,2429.8,1157.25,317.7,1290.55,220.05,363.35,4141.1,987.7,918.3,778.2
2016-07-08,2426.6,1158.2,318.35,1286.9,218.3,355.05,4161.8,1010.7,920.7,777.5
2016-07-11,2464.15,1175.05,327.0,1314.1,224.7,359.85,4272.05,1026.8,929.4,789.0
2016-07-12,2464.95,1176.55,342.3,1333.75,226.7,363.3,4370.4,1020.45,925.3,783.05
2016-07-13,2493.1,1193.8,357.75,1330.45,227.7,363.7,4321.4,1009.5,927.45,778.55
2016-07-14,2521.9,1176.25,359.3,1336.95,232.0,366.95,4428.3,1017.6,932.95,768.55
2016-07-15,2445.35,1072.55,372.9,1364.1,231.5,378.9,4472.05,1025.9,941.5,770.4
2016-07-18,2433.45,1081.95,365.65,1346.35,228.75,362.65,4454.75,1028.5,921.95,776.7
2016-07-19,2466.2,1086.95,370.25,1338.55,229.6,364.3,4485.7,1030.7,895.15,782.4
2016-07-20,2494.95,1083.1,368.45,1334.45,231.15,363.4,4469.15,1028.55,906.9,797.25
2016-07-21,2506.05,1079.9,362.3,1332.9,225.65,367.85,4413.7,1042.7,910.05,794.2
2016-07-22,2515.1,1072.45,365.45,1357.0,223.5,367.35,4414.7,1047.05,903.2,786.6
2016-07-25,2558.95,1080.85,363.65,1382.0,229.9,371.95,4550.55,1070.65,906.95,804.0
2016-07-26,2552.6,1088.7,367.8,1367.45,226.7,369.85,4471.3,1060.75,902.7,798.4
2016-07-27,2577.55,1085.35,363.05,1387.7,229.25,372.55,4558.15,1061.8,903.85,807.9
2016-07-28,2619.25,1077.5,349.85,1402.15,231.0,371.9,4763.5,1128.0,909.4,825.45
2016-07-29,2619.3,1073.85,355.05,1374.5,229.4,362.05,4757.6,1114.15,922.55,829.95
2016-08-01,2708.25,1085.25,364.85,1374.3,227.3,364.0,4866.25,1120.9,925.0,835.65
2016-08-02,2699.2,1083.8,361.85,1342.15,228.05,357.8,4986.05,1123.35,927.4,828.9
2016-08-03,2656.3,1084.9,358.05,1325.45,226.65,358.85,4873.85,1143.4,913.8,839.6
2016-08-04,2652.0,1071.8,373.8,1320.15,225.65,366.25,4889.65,1127.3,918.05,848.55
2016-08-05,2649.1,1068.0,381.7,1342.1,232.75,364.0,4941.65,1143.35,925.5,841.9
2016-08-08,2649.5,1078.7,379.55,1367.45,233.25,351.55,4991.75,1148.35,929.5,832.8
2016-08-09,2650.2,1083.4,375.35,1343.0,235.15,349.45,4960.85,1146.5,934.25,829.35
2016-08-10,2675.4,1082.35,370.3,1337.15,231.5,346.45,4861.6,1129.95,924.95,817.65
2016-08-11,2709.9,1077.35,368.35,1348.45,227.15,346.35,4878.65,1145.1,935.65,808.25
2016-08-12,2738.45,1062.55,374.75,1382.15,243.3,347.8,4898.6,1137.5,935.0,800.55
2016-08-16,2691.7,1051.8,379.15,1358.55,246.75,342.45,4864.2,1129.65,926.2,782.7
2016-08-17,2624.55,1033.3,391.85,1366.9,246.25,345.65,4889.85,1113.55,913.2,785.0
2016-08-18,2638.55,1023.4,387.2,1374.3,248.4,353.15,4915.85,1107.35,906.9,788.8
2016-08-19,2603.5,1021.3,392.15,1369.4,258.5,351.4,4900.1,1113.5,910.65,783.8
2016-08-22,2548.7,1015.45,388.15,1377.55,254.8,350.2,4837.75,1113.9,930.05,770.1
2016-08-23,2601.05,1039.65,385.15,1375.15,254.75,353.75,4833.8,1126.25,921.7,762.35
2016-08-24,2572.05,1057.4,379.95,1382.85,254.4,352.6,4948.55,1118.85,919.4,769.7
2016-08-25,2551.05,1036.15,372.3,1357.5,250.15,346.0,4933.7,1105.9,910.8,764.95
2016-08-26,2524.95,1020.25,369.45,1366.35,246.6,343.95,4920.9,1123.3,904.5,755.25
2016-08-29,2500.55,1022.8,373.75,1375.5,249.05,342.6,4927.4,1111.85,905.2,759.3
2016-08-30,2544.15,1040.4,377.75,1392.1,252.25,331.85,5067.65,1146.2,924.8,774.85
2016-08-31,2511.3,1035.85,370.1,1405.45,252.5,331.65,5053.65,1157.9,917.05,775.65
2016-09-01,2507.5,1037.55,374.6,1424.75,252.0,310.85,5060.75,1156.95,925.8,770.05
2016-09-02,2514.8,1031.85,374.2,1439.15,254.6,318.9,5160.45,1167.55,920.75,782.35
2016-09-06,2484.05,1045.0,385.75,1458.05,260.1,321.5,5319.7,1204.15,937.85,782.65
2016-09-07,2440.55,1054.35,389.95,1427.15,266.8,320.15,5336.05,1177.2,933.0,779.25
2016-09-08,2322.1,1037.65,403.0,1437.8,268.35,324.4,5489.4,1182.6,951.55,808.05
2016-09-09,2352.45,1035.5,394.6,1410.65,264.1,322.1,5403.0,1171.75,929.95,797.45
2016-09-12,2359.05,1054.0,373.3,1399.05,252.75,318.05,5329.0,1154.6,918.45,787.05
2016-09-14,2328.45,1045.6,373.9,1392.2,257.55,319.85,5363.9,1163.6,908.45,779.85
2016-09-15,2326.95,1042.2,366.4,1410.05,256.0,322.7,5452.4,1173.55,914.0,786.35
2016-09-16,2361.7,1060.15,358.85,1397.35,254.3,323.6,5573.3,1155.15,911.7,783.8
2016-09-19,2411.45,1061.2,361.65,1392.8,255.65,324.15,5491.9,1163.6,911.95,782.5
2016-09-20,2406.5,1050.15,365.6,1393.1,254.45,319.2,5514.85,1165.05,902.9,778.75
2016-09-21,2413.4,1055.75,369.8,1392.35,251.15,321.85,5501.25,1170.6,913.05,778.85
2016-09-22,2378.0,1058.8,377.25,1413.25,257.9,327.0,5597.1,1192.0,910.15,786.75
2016-09-23,2398.1,1042.55,372.0,1425.1,254.55,326.95,5601.8,1191.2,910.55,780.05
2016-09-26,2401.1,1035.9,369.75,1412.45,251.65,320.35,5568.9,1183.0,892.6,766.15
2016-09-27,2436.1,1039.75,367.95,1418.9,249.0,314.8,5511.4,1192.55,897.3,770.15
2016-09-28,2423.05,1038.95,380.35,1423.55,253.75,321.75,5521.8,1193.5,887.15,764.8
2016-09-29,2437.8,1029.2,368.8,1401.4,247.25,315.7,5438.6,1167.35,878.3,735.85
2016-09-30,2430.8,1036.05,374.25,1393.45,251.25,314.0,5477.3,1160.7,867.85,742.7
2016-10-03,2411.7,1038.1,382.85,1425.5,255.3,318.7,5681.0,1193.0,868.75,757.05
2016-10-04,2405.15,1049.2,391.15,1432.4,259.75,324.0,5680.0,1192.55,860.4,764.3
2016-10-05,2386.35,1041.5,390.7,1423.15,260.85,321.7,5689.2,1208.75,870.95,759.45
2016-10-06,2388.75,1027.4,389.85,1426.0,256.8,322.3,5710.45,1209.5,884.45,752.9
2016-10-07,2367.8,1012.55,406.55,1403.7,258.7,319.45,5683.8,1184.6,877.25,751.2
2016-10-10,2380.3,1029.95,418.4,1391.45,256.6,315.9,5712.35,1212.65,876.15,755.45
2016-10-13,2328.9,1052.35,413.8,1338.9,249.65,306.75,5718.55,1216.6,862.05,739.7
2016-10-14,2366.2,1027.15,412.3,1316.05,252.1,305.4,5690.45,1205.75,842.25,745.5
2016-10-17,2362.45,1022.4,410.8,1301.95,253.2,301.3,5599.1,1182.3,849.25,733.95
2016-10-18,2400.2,1039.05,424.95,1355.25,256.9,306.65,5626.7,1174.5,855.6,743.5
2016-10-19,2395.1,1041.8,426.0,1342.15,255.4,306.95,5604.6,1169.3,846.0,750.25
2016-10-20,2401.15,1036.65,428.55,1359.95,260.2,309.1,5644.5,1165.75,840.3,745.5
2016-10-21,2428.65,1038.3,427.2,1336.55,258.5,309.75,5650.2,1153.5,851.2,747.75
2016-10-24,2427.7,1027.1,426.05,1344.0,262.95,306.65,5713.9,1127.5,848.35,747.15
2016-10-25,2398.45,1017.2,415.25,1340.1,261.45,311.8,5781.45,1139.75,832.35,747.4
2016-10-26,2396.25,1014.2,398.6,1334.65,258.75,317.7,5869.1,1123.1,842.85,738.7
2016-10-27,2418.1,1003.5,397.15,1378.55,255.4,323.1,5860.15,1085.45,840.3,746.9
2016-10-28,2398.7,997.5,405.45,1391.7,258.0,318.85,5876.15,1069.9,836.5,743.4
2016-10-30,2391.05,1002.1,404.7,1377.5,257.6,318.7,5896.15,1075.75,839.15,748.1
2016-11-01,2350.0,989.45,417.7,1417.2,258.95,317.45,5878.1,1076.7,835.25,733.75
2016-11-02,2304.05,981.05,413.35,1404.35,251.05,309.6,5794.6,1062.75,841.1,714.05
2016-11-03,2319.45,966.85,403.3,1401.6,245.65,308.95,5805.55,1037.15,839.4,703.65
2016-11-04,2330.55,971.0,403.1,1386.15,242.85,306.7,5704.85,1043.05,848.0,651.5
2016-11-07,2277.05,977.95,412.6,1381.4,252.7,305.6,5715.95,1037.35,837.65,654.9
2016-11-08,2283.2,982.6,408.65,1391.35,252.65,304.9,5669.0,1057.0,844.6,635.4
2016-11-09,2169.85,958.3,399.35,1350.8,260.0,301.0,5392.95,1050.95,828.3,660.75
2016-11-10,2155.45,939.4,437.0,1324.55,281.3,308.65,5328.5,1011.3,818.55,666.2
2016-11-11,2101.15,921.55,426.5,1268.35,273.0,301.4,5134.25,962.3,801.75,688.0
2016-11-15,2121.3,923.55,393.05,1225.75,278.2,302.65,4846.6,890.8,805.45,682.45
2016-11-16,2189.6,940.9,392.75,1255.4,277.2,309.65,4990.8,935.7,808.75,667.4
2016-11-17,2137.2,929.8,392.75,1250.2,277.45,297.15,4925.55,918.45,811.65,669.25
2016-11-18,2125.1,920.0,385.1,1249.8,275.8,303.75,4950.9,908.2,802.85,688.85
2016-11-21,2132.9,911.1,371.45,1221.95,257.35,299.5,4787.45,900.0,797.75,690.35
2016-11-22,2135.0,914.2,378.05,1249.7,257.35,303.95,4934.55,907.75,819.9,689.9
2016-11-23,2156.35,920.25,392.7,1226.9,258.65,300.55,4880.85,942.05,831.7,701.3
2016-11-24,2188.45,930.3,398.15,1217.65,261.75,302.4,4830.15,936.1,825.3,682.5
2016-11-25,2300.35,977.5,408.75,1244.05,260.95,301.0,4873.6,945.45,833.6,714.15
2016-11-28,2282.6,979.75,406.6,1246.7,253.55,318.8,4893.75,936.1,837.85,715.15
2016-11-29,2259.85,972.6,408.95,1255.8,252.7,324.85,5088.15,958.55,832.7,706.5
2016-11-30,2276.05,975.55,415.05,1263.1,258.35,324.6,5266.0,969.9,844.0,709.8
2016-12-01,2263.45,975.6,409.6,1270.0,255.65,318.2,5252.1,939.15,848.1,721.5
2016-12-02,2221.85,964.5,406.4,1236.8,254.1,318.6,5068.1,904.85,831.45,720.35
2016-12-05,2186.0,961.65,413.5,1215.55,256.9,326.75,5202.95,937.65,844.9,713.1
2016-12-06,2182.35,966.5,418.45,1243.4,259.1,328.85,5135.2,934.15,836.0,706.15
2016-12-07,2154.55,966.4,411.9,1264.95,255.6,328.15,5116.65,932.2,833.7,664.0
2016-12-08,2195.75,984.65,431.3,1289.85,259.9,332.45,5234.6,936.15,843.0,675.7
2016-12-09,2195.25,989.35,430.55,1268.25,266.65,332.0,5235.0,941.75,845.05,673.0
2016-12-12,2208.2,977.35,424.2,1264.5,263.65,329.15,5144.4,910.25,832.6,676.4
2016-12-13,2200.3,990.2,421.1,1278.55,266.15,330.0,5163.15,906.75,831.15,684.35
2016-12-14,2207.6,999.75,417.75,1266.55,262.9,322.6,5141.05,914.35,821.8,678.4
2016-12-15,2259.3,992.35,419.3,1259.2,265.4,318.45,5152.05,903.0,816.05,649.95
2016-12-16,2282.65,1005.15,414.05,1269.15,264.75,310.25,5188.65,899.9,816.95,647.35
2016-12-19,2288.9,1004.65,410.35,1247.9,261.35,305.5,5115.05,878.4,809.75,632.25
2016-12-20,2339.3,1012.15,403.5,1235.55,254.55,302.55,5108.0,865.7,801.4,627.9
2016-12-21,2313.6,1001.55,404.5,1235.6,255.35,301.7,5137.85,865.55,796.8,614.45
2016-12-22,2307.7,984.7,392.2,1217.4,249.8,292.25,5084.4,870.3,787.05,609.15
2016-12-23,2288.1,988.45,390.85,1224.85,249.15,295.55,5197.15,874.0,789.5,623.5
2016-12-26,2293.1,982.75,380.1,1219.5,244.2,296.1,5167.35,867.8,801.8,611.25
2016-12-27,2323.4,998.95,392.4,1232.15,248.75,299.6,5224.0,876.0,806.75,621.1
2016-12-28,2313.4,998.5,388.45,1237.95,247.75,299.5,5231.25,875.7,810.3,621.35
2016-12-29,2351.7,992.35,392.35,1257.2,247.65,303.0,5314.8,880.05,818.5,614.7
2016-12-30,2365.55,1010.6,391.25,1262.6,250.2,305.65,5319.55,891.05,826.35,630.0
2017-01-02,2361.35,1001.1,406.75,1217.1,243.6,311.0,5466.0,904.65,825.35,634.05
2017-01-03,2368.25,993.85,403.3,1214.0,244.9,304.45,5508.4,896.6,829.85,636.1
2017-01-04,2379.5,997.75,405.45,1212.1,242.9,313.9,5502.15,906.6,821.6,637.35
2017-01-05,2334.4,996.15,419.3,1217.2,245.35,321.1,5634.95,916.5,833.15,643.45
2017-01-06,2281.4,972.25,419.55,1222.35,245.9,319.75,5615.55,929.5,833.75,640.75
2017-01-09,2303.7,970.35,422.0,1223.55,247.05,317.95,5658.5,910.1,831.05,632.05
2017-01-10,2315.35,970.55,431.9,1217.25,248.3,320.1,5674.85,923.6,830.55,638.55
2017-01-11,2324.4,969.1,448.25,1230.05,252.15,322.75,5762.35,934.65,841.5,648.2
2017-01-12,2344.35,1000.05,447.55,1221.1,251.25,321.8,5777.35,933.55,825.9,644.75
2017-01-13,2249.3,975.8,446.35,1247.5,250.9,320.2,5699.5,933.25,827.95,653.0
2017-01-16,2258.55,955.65,458.45,1256.9,255.75,318.6,5676.9,935.25,827.5,643.5
2017-01-17,2278.75,955.4,454.25,1245.8,256.0,318.5,5669.4,960.15,840.65,649.7
2017-01-18,2295.1,950.8,468.35,1249.05,258.35,313.9,5684.45,963.35,864.95,649.95
2017-01-19,2291.0,958.1,467.15,1242.4,258.4,317.1,5718.35,962.7,860.3,643.45
2017-01-20,2285.35,948.7,454.5,1237.3,251.05,320.55,5668.95,967.2,860.45,641.55
2017-01-23,2306.7,952.7,461.8,1259.75,254.15,319.65,5700.0,964.7,862.4,633.65
2017-01-24,2318.35,945.55,464.25,1280.75,254.9,316.5,5737.2,973.45,860.35,641.4
2017-01-25,2353.0,936.6,469.5,1337.4,259.2,311.35,5802.55,977.7,869.2,635.85
2017-01-27,2357.8,942.15,469.3,1373.7,266.45,323.75,5915.9,969.6,855.95,640.5
2017-01-30,2332.9,949.35,462.05,1371.9,263.95,345.65,5894.95,973.2,853.55,644.75
2017-01-31,2229.8,928.6,463.05,1365.85,260.35,348.2,5894.25,970.7,855.4,631.5
2017-02-01,2167.9,916.75,474.6,1412.1,270.7,345.1,6179.2,991.0,854.05,625.55
2017-02-02,2207.65,935.9,476.95,1401.3,273.3,353.3,6144.35,989.0,845.3,641.4
2017-02-03,2232.55,936.1,472.8,1397.45,277.55,353.8,6115.45,985.9,849.75,647.25
2017-02-06,2240.75,935.25,473.4,1400.3,277.05,355.25,6149.7,992.5,860.55,675.15
2017-02-07,2244.6,942.25,472.8,1407.25,277.9,353.15,6213.2,999.3,855.25,669.6
2017-02-08,2270.95,936.5,470.65,1401.1,277.2,352.2,6194.65,997.7,852.95,662.2
2017-02-09,2317.3,946.0,459.85,1396.9,275.85,355.25,6157.1,1002.85,850.75,655.5
2017-02-10,2397.95,968.3,468.2,1388.55,276.35,357.55,6112.25,993.05,850.9,655.05
2017-02-13,2414.25,984.35,472.6,1392.05,271.65,358.05,6022.0,984.75,862.3,654.7
2017-02-14,2406.25,987.7,472.4,1398.15,270.2,368.95,5939.85,980.8,848.15,649.3
2017-02-15,2413.7,981.8,460.1,1399.15,268.95,365.3,5862.7,981.7,850.05,623.05
2017-02-16,2447.75,1012.1,469.95,1393.55,270.5,365.7,6024.55,969.9,846.1,649.3
2017-02-17,2407.9,1000.1,468.2,1402.5,269.35,369.5,5989.75,960.8,841.25,675.5
2017-02-20,2502.2,1010.25,487.05,1393.3,269.65,375.35,6093.15,975.75,854.45,679.65
2017-02-21,2465.35,1013.6,490.95,1412.45,270.7,362.85,6063.15,991.5,862.75,673.2
2017-02-22,2411.5,990.15,484.05,1394.1,272.3,361.0,6079.65,1020.3,864.15,670.35
2017-02-23,2481.8,1008.85,485.75,1385.7,270.45,366.25,6031.0,1009.0,858.25,674.55
2017-02-27,2489.85,1012.4,480.6,1375.7,268.25,355.7,5951.5,1001.95,866.45,674.45
2017-02-28,2466.25,1012.4,482.7,1370.05,269.2,365.15,5922.5,1024.2,865.9,679.0
2017-03-01,2479.55,1025.15,500.35,1400.55,271.75,362.75,5919.6,1032.75,875.5,694.65
2017-03-02,2501.45,1023.3,494.65,1399.0,267.3,356.85,5918.75,1028.75,877.5,676.15
2017-03-03,2494.05,1031.2,495.1,1371.2,265.05,356.15,5887.75,1013.7,877.15,686.45
2017-03-06,2472.5,1033.9,492.7,1365.95,269.85,361.5,5934.85,1029.4,873.1,683.0
2017-03-07,2499.8,1019.8,482.0,1365.4,267.8,361.1,5888.5,1023.95,872.05,679.65
2017-03-08,2512.2,1007.8,472.45,1367.7,269.9,360.7,5864.15,1022.55,871.3,680.4
2017-03-09,2519.75,1011.55,469.45,1371.5,273.25,360.2,5964.4,1031.1,870.3,685.15
2017-03-10,2542.25,1021.85,467.75,1373.8,272.05,364.9,5955.6,1030.25,875.2,682.95
2017-03-14,2567.5,1034.8,472.55,1424.15,274.65,361.1,6132.4,1071.4,913.75,708.2
2017-03-15,2498.3,1011.95,479.05,1426.1,277.35,363.2,6137.35,1064.05,900.5,705.85
2017-03-16,2520.9,1028.85,499.65,1450.25,279.3,360.65,6155.45,1087.55,906.2,710.8
2017-03-17,2525.75,1040.3,502.2,1451.2,274.15,346.85,6192.6,1079.45,902.55,707.5
2017-03-20,2480.0,1021.5,496.65,1457.75,273.9,349.4,6158.9,1079.7,898.45,706.55
2017-03-21,2486.7,1032.85,496.4,1458.4,272.35,349.9,6076.3,1068.7,903.45,698.05
2017-03-22,2478.95,1027.7,488.1,1442.3,267.5,338.2,6005.8,1057.85,904.95,701.45
2017-03-23,2460.35,1040.45,495.5,1456.65,268.5,338.5,6034.8,1061.6,902.0,703.15
2017-03-24,2427.2,1031.4,493.2,1462.6,276.5,340.5,6004.65,1064.25,900.2,703.9
2017-03-27,2412.05,1028.85,476.5,1474.7,279.45,338.7,5985.8,1042.9,898.8,691.2
2017-03-28,2429.95,1035.15,480.2,1504.1,282.1,340.75,5974.25,1057.85,903.1,698.6
2017-03-29,2444.6,1031.85,484.4,1522.05,288.45,344.85,5944.15,1068.1,912.55,687.65
2017-03-30,2441.0,1025.5,477.5,1519.95,291.05,351.2,5956.6,1070.1,919.2,687.05
2017-03-31,2431.8,1022.25,482.7,1502.1,293.4,350.05,6015.7,1073.5,911.75,688.15
2017-04-03,2411.7,1008.8,485.85,1533.65,293.15,341.8,6072.0,1089.85,920.65,692.4
2017-04-05,2401.25,995.95,493.3,1490.15,297.35,344.5,6342.4,1082.55,935.35,690.7
2017-04-06,2400.05,999.6,501.65,1482.6,292.85,341.8,6291.65,1086.9,934.65,686.9
2017-04-07,2429.05,981.55,493.2,1484.75,289.45,344.7,6259.35,1082.95,924.5,665.95
2017-04-10,2422.25,953.4,495.35,1467.5,289.35,345.7,6268.85,1059.2,925.95,667.75
2017-04-11,2419.3,967.15,488.1,1476.85,294.5,350.2,6247.8,1072.5,923.7,670.4
2017-04-12,2393.25,968.85,477.4,1466.65,290.15,350.8,6154.5,1070.45,923.75,683.25
2017-04-13,2328.65,931.4,463.55,1474.9,291.55,340.25,6077.95,1078.3,923.85,692.75
2017-04-17,2314.85,924.9,462.4,1479.55,289.9,341.3,6115.55,1059.35,914.05,677.05
2017-04-18,2308.8,922.65,449.9,1480.05,290.3,338.8,6137.15,1040.45,912.75,665.15
2017-04-19,2299.15,919.2,450.75,1490.2,284.05,339.95,6196.95,1048.9,908.55,663.35
2017-04-20,2325.5,927.3,454.4,1517.1,284.8,342.75,6273.5,1058.8,915.7,655.95
2017-04-21,2310.8,923.7,450.85,1507.45,282.2,342.8,6185.8,1065.45,906.4,639.6
2017-04-24,2328.1,926.55,450.7,1530.7,286.05,344.65,6318.35,1069.95,904.55,642.85
2017-04-25,2311.5,929.35,454.65,1548.4,286.05,353.95,6337.2,1097.9,924.0,642.55
2017-04-26,2310.35,914.25,453.8,1586.0,286.45,357.55,6406.3,1104.65,941.35,642.8
2017-04-27,2302.65,925.25,445.85,1566.5,282.05,357.9,6374.05,1105.35,947.3,637.0
2017-04-28,2273.15,918.95,449.25,1537.15,289.75,355.5,6524.85,1120.45,934.95,641.95
2017-05-02,2289.9,922.6,445.05,1584.75,288.3,347.6,6705.5,1112.1,928.1,632.8
2017-05-03,2337.3,934.3,440.8,1571.3,289.8,346.35,6644.0,1118.9,934.0,628.85
2017-05-04,2330.1,937.65,442.45,1564.35,299.05,346.0,6639.8,1132.6,956.7,631.5
2017-05-05,2320.5,931.5,433.6,1546.85,296.0,344.75,6654.15,1146.8,953.9,630.2
2017-05-08,2342.45,945.5,431.9,1529.5,299.4,351.3,6630.55,1167.35,954.85,637.15
2017-05-09,2352.55,946.65,433.5,1523.5,296.5,345.25,6629.3,1165.3,952.05,640.3
2017-05-10,2332.45,943.65,437.45,1572.0,294.45,372.75,6737.75,1158.3,996.35,642.8
2017-05-11,2349.45,944.1,441.15,1565.3,298.1,366.0,6762.5,1166.45,978.75,648.45
2017-05-12,2360.65,964.25,436.7,1549.8,297.9,365.1,6730.2,1132.95,980.2,655.1
2017-05-15,2365.1,951.55,456.05,1559.5,301.4,364.15,6823.9,1148.05,983.25,654.45
2017-05-16,2429.15,955.0,456.55,1566.55,307.5,374.35,6953.95,1142.85,1000.4,652.35
2017-05-17,2455.35,952.8,493.9,1552.5,307.65,375.95,6958.2,1154.95,1009.4,650.9
2017-05-18,2536.2,961.75,486.25,1537.05,302.95,370.75,6831.05,1151.35,990.25,653.95
2017-05-19,2507.15,957.95,489.5,1520.6,308.0,372.75,6790.55,1123.15,1008.0,653.15
2017-05-22,2531.35,961.45,486.4,1519.85,294.3,372.55,6701.7,1112.55,1018.6,640.15
2017-05-23,2521.7,957.3,490.4,1511.5,288.85,371.9,6878.85,1098.9,1024.8,614.1
2017-05-24,2559.15,954.8,483.35,1524.85,283.15,368.35,6869.65,1091.2,1038.05,603.5
2017-05-25,2624.6,983.3,484.7,1539.75,290.1,370.7,6985.7,1113.2,1043.45,591.55
2017-05-26,2578.25,995.7,511.75,1547.9,288.45,373.6,7064.8,1132.45,1040.95,567.65
2017-05-29,2572.85,985.15,507.7,1598.85,284.0,373.1,7134.45,1146.55,1072.25,502.6
2017-05-30,2551.1,996.2,511.85,1579.5,288.85,370.7,7147.5,1159.45,1072.6,508.0
2017-05-31,2546.6,977.05,504.7,1569.85,288.3,371.55,7211.0,1151.2,1067.0,501.6
2017-06-01,2553.6,971.4,497.15,1583.75,287.45,366.9,7146.6,1160.45,1095.35,507.45
2017-06-02,2564.9,969.45,491.95,1604.65,287.05,373.25,7114.7,1164.3,1086.4,514.85
2017-06-05,2603.95,958.75,491.3,1606.15,287.25,372.4,7125.7,1161.55,1097.75,512.8
2017-06-06,2696.0,979.35,490.3,1605.75,287.3,369.0,7112.1,1153.15,1091.55,504.3
2017-06-07,2615.25,961.3,490.85,1599.35,290.55,372.8,7205.7,1161.5,1106.35,511.55
2017-06-08,2521.6,956.45,499.0,1633.55,288.6,367.7,7249.5,1143.3,1093.5,528.85
2017-06-09,2507.0,948.6,507.05,1647.2,288.55,367.8,7464.85,1155.75,1095.35,524.7
2017-06-12,2487.2,963.85,508.4,1647.5,284.95,365.2,7373.65,1150.7,1099.65,532.55
2017-06-13,2451.55,957.8,508.6,1667.65,283.85,363.2,7348.95,1149.7,1102.75,537.2
2017-06-14,2470.2,958.6,502.65,1651.1,284.2,365.5,7351.05,1149.6,1113.7,539.55
2017-06-15,2411.2,952.1,502.55,1636.85,284.0,365.3,7312.3,1140.3,1104.0,544.0
2017-06-16,2399.7,940.25,501.95,1640.85,285.95,364.85,7263.9,1145.4,1091.8,529.15
2017-06-19,2431.7,929.85,519.55,1654.2,288.85,367.5,7249.25,1154.15,1095.65,524.85
2017-06-20,2445.0,943.55,522.35,1631.5,290.1,366.6,7207.25,1149.45,1093.05,523.8
2017-06-21,2406.3,943.35,517.65,1628.25,290.9,367.3,7268.2,1155.4,1123.45,528.0
2017-06-22,2394.85,940.15,515.0,1653.8,294.5,366.2,7316.1,1162.55,1094.05,538.7
2017-06-23,2361.7,943.25,507.25,1651.35,288.95,366.2,7219.15,1153.65,1097.9,543.8
2017-06-27,2342.85,927.05,510.9,1651.05,279.65,371.45,7183.35,1134.15,1092.1,544.05
2017-06-28,2350.05,924.7,520.6,1629.0,276.4,377.2,7225.05,1109.15,1090.0,545.45
2017-06-29,2333.25,930.2,535.05,1632.2,272.45,382.45,7224.35,1104.55,1088.1,536.9
2017-06-30,2362.35,935.55,545.75,1614.95,273.65,379.7,7217.6,1102.95,1079.6,555.7
2017-07-03,2373.6,951.9,550.6,1621.65,274.85,382.05,7354.0,1120.25,1097.75,552.0
2017-07-04,2366.85,962.15,547.55,1640.65,273.0,379.3,7376.15,1108.55,1088.1,552.45
2017-07-05,2356.0,950.9,549.95,1629.1,274.9,376.3,7377.65,1126.65,1096.7,550.65
2017-07-06,2347.55,947.0,554.65,1647.9,281.0,381.3,7474.05,1132.15,1092.5,545.6
2017-07-07,2331.95,935.4,553.35,1629.15,280.1,385.9,7432.8,1115.45,1097.7,549.0
2017-07-10,2434.95,957.05,559.35,1638.85,285.55,405.7,7430.45,1127.75,1096.25,563.7
2017-07-11,2475.8,975.35,556.85,1642.75,283.55,395.45,7457.0,1131.75,1106.45,563.8
2017-07-12,2439.45,972.35,559.1,1639.95,287.65,397.1,7476.65,1133.7,1131.65,562.4
2017-07-13,2446.4,977.05,563.95,1656.9,288.75,403.15,7567.55,1125.5,1134.7,569.3
2017-07-14,2397.45,972.05,558.4,1647.7,291.6,407.0,7557.25,1117.35,1139.3,572.55
2017-07-17,2395.45,984.05,559.8,1652.35,293.0,408.45,7522.3,1125.45,1152.95,571.45
2017-07-18,2408.35,985.6,563.3,1653.0,291.0,408.3,7549.35,1146.6,1157.85,578.25
2017-07-19,2449.6,979.85,571.2,1654.85,293.3,421.25,7561.5,1155.85,1154.35,589.15
2017-07-20,2444.7,969.45,557.2,1651.0,290.95,419.8,7490.95,1155.55,1152.9,582.05
2017-07-21,2491.2,980.1,553.25,1640.95,290.65,411.3,7543.0,1156.1,1158.65,575.95
2017-07-24,2530.7,990.55,548.5,1632.25,294.55,420.05,7554.55,1155.75,1159.35,570.8
2017-07-25,2571.5,993.85,552.95,1632.05,296.1,427.8,7504.85,1150.1,1149.6,565.9
2017-07-26,2556.0,994.05,565.75,1633.45,295.8,426.25,7565.25,1134.0,1164.55,579.5
2017-07-27,2481.7,971.05,561.25,1728.2,298.35,416.05,7599.6,1148.8,1171.9,572.1
2017-07-28,2484.3,997.35,551.9,1785.35,299.1,413.3,7630.45,1153.25,1153.85,550.8
2017-07-31,2491.8,1011.2,567.1,1789.25,312.5,418.95,7750.05,1161.7,1155.75,531.65
2017-08-01,2501.65,1005.55,572.4,1779.1,309.0,417.05,7856.1,1148.2,1173.95,533.8
2017-08-02,2473.8,993.35,569.25,1766.4,307.7,415.85,7795.5,1144.5,1168.75,523.55
2017-08-03,2489.45,984.0,559.3,1736.75,300.55,424.2,7737.4,1146.1,1169.9,515.85
2017-08-04,2522.8,983.75,575.85,1731.35,305.25,420.9,7770.3,1157.3,1192.1,506.4
2017-08-07,2503.45,968.25,600.05,1725.4,311.2,417.45,7838.65,1149.65,1186.3,505.55
2017-08-08,2503.05,963.85,616.45,1719.9,303.65,417.8,7755.9,1147.35,1191.0,500.35
2017-08-09,2512.0,969.35,605.05,1731.65,302.3,416.05,7661.6,1155.55,1185.35,474.35
2017-08-10,2511.45,981.25,604.35,1709.8,296.7,416.25,7578.75,1151.1,1170.7,460.8
2017-08-11,2496.05,987.7,596.75,1695.35,280.15,414.55,7457.4,1143.9,1152.8,450.0
2017-08-14,2469.4,981.45,623.75,1713.95,278.2,408.55,7608.45,1154.0,1155.7,471.8
2017-08-16,2492.35,975.2,631.2,1741.75,283.1,407.75,7701.15,1141.3,1186.35,485.7
2017-08-17,2485.65,1020.85,625.4,1759.25,280.85,416.35,7582.45,1134.95,1177.3,488.25
2017-08-18,2513.8,923.25,625.65,1735.05,278.7,421.0,7598.8,1140.0,1202.2,470.15
2017-08-21,2528.8,873.4,621.55,1738.15,274.65,419.15,7501.9,1134.45,1191.45,460.55
2017-08-22,2497.55,875.4,619.6,1750.4,273.9,422.1,7496.1,1129.45,1199.6,470.45
2017-08-23,2489.45,892.8,634.6,1765.25,279.0,431.9,7573.05,1141.3,1188.15,469.2
2017-08-24,2496.6,912.15,639.0,1757.35,280.3,432.95,7612.85,1135.6,1179.7,483.0
2017-08-28,2487.3,941.0,635.85,1766.45,279.35,434.4,7579.0,1155.9,1199.7,493.2
2017-08-29,2470.85,927.45,630.2,1727.8,277.0,428.1,7521.5,1151.7,1190.45,481.8
2017-08-30,2484.55,926.65,638.65,1759.05,276.6,429.0,7557.45,1153.35,1204.3,484.25
2017-08-31,2496.35,914.95,638.05,1776.9,277.75,427.7,7700.3,1168.55,1219.75,481.15
2017-09-01,2456.45,919.95,651.2,1759.55,277.85,422.55,7812.3,1215.9,1216.15,486.2
2017-09-04,2456.2,900.2,646.55,1755.4,277.75,416.4,7821.5,1197.05,1197.15,500.7
2017-09-05,2484.35,901.9,652.1,1767.3,276.55,406.5,7817.2,1206.35,1205.2,491.85
2017-09-06,2453.2,895.6,653.0,1775.0,274.25,402.5,7846.65,1206.05,1206.4,474.25
2017-09-07,2460.1,895.75,652.8,1781.7,274.2,397.3,7919.2,1198.65,1208.75,480.45
2017-09-08,2470.6,884.3,655.4,1779.15,271.8,403.5,7970.75,1203.95,1207.55,471.35
2017-09-11,2454.45,878.7,662.6,1781.7,270.95,402.95,8142.4,1238.05,1219.9,467.45
2017-09-12,2488.45,884.05,682.9,1798.1,273.45,405.2,8154.5,1256.35,1249.8,483.4
2017-09-13,2489.2,883.75,679.65,1778.1,273.4,401.65,8122.6,1254.95,1250.95,503.35
2017-09-14,2486.95,892.4,677.7,1771.8,274.2,398.9,8070.25,1246.05,1247.85,524.65
2017-09-15,2506.05,908.25,678.95,1768.95,271.5,396.0,8099.75,1245.5,1246.0,524.3
2017-09-18,2499.05,909.1,672.9,1771.75,270.4,396.65,8157.85,1255.95,1280.05,521.05
2017-09-19,2498.25,912.25,676.4,1752.6,267.8,394.8,8131.7,1253.3,1279.3,515.8
2017-09-20,2493.55,912.7,687.65,1767.15,270.05,396.85,8120.15,1237.3,1259.35,505.5
2017-09-21,2524.9,909.55,687.1,1788.6,268.5,400.1,8144.95,1229.1,1256.7,519.65
2017-09-22,2503.6,898.3,654.0,1780.95,261.85,395.35,8068.2,1213.25,1239.2,513.85
2017-09-25,2510.75,895.35,639.75,1755.05,258.75,389.75,7964.95,1196.95,1247.15,505.95
2017-09-26,2474.65,905.9,654.1,1741.25,258.25,387.35,7889.9,1174.0,1217.35,507.6
2017-09-27,2495.0,899.8,649.35,1719.35,250.4,385.95,7739.95,1160.0,1205.9,494.7
2017-09-28,2476.45,896.0,649.7,1744.35,252.55,382.05,7897.35,1130.0,1202.8,499.2
2017-09-29,2435.95,899.9,652.55,1742.15,253.85,389.45,7978.2,1131.7,1173.9,503.25
2017-10-03,2448.45,903.55,660.8,1761.6,251.3,384.65,7888.3,1148.8,1186.35,502.65
2017-10-04,2442.3,899.6,659.0,1768.1,253.2,377.15,7847.2,1154.05,1197.5,517.9
2017-10-05,2429.6,903.05,661.0,1751.7,251.6,377.7,7831.05,1153.25,1187.65,513.8
2017-10-06,2446.65,920.15,691.45,1740.0,256.75,382.3,7903.2,1157.3,1207.3,530.2
2017-10-09,2454.1,923.9,697.25,1749.7,256.85,378.95,7896.7,1158.6,1220.25,531.4
2017-10-10,2459.25,935.45,690.8,1744.75,256.95,384.6,7893.7,1163.0,1209.2,527.2
2017-10-11,2500.35,930.7,682.3,1750.75,251.75,403.55,7825.15,1160.6,1218.05,526.05
2017-10-12,2548.2,927.3,691.6,1755.55,251.2,400.25,7904.25,1158.8,1241.0,539.55
2017-10-13,2558.6,930.1,710.85,1766.45,252.1,430.9,7874.15,1174.25,1248.6,534.7
2017-10-16,2584.4,939.0,714.95,1762.9,252.05,453.3,7842.0,1171.05,1281.3,547.95
2017-10-17,2594.55,930.5,712.5,1759.75,251.15,465.95,7838.9,1197.15,1282.15,547.2
2017-10-18,2586.6,924.35,709.6,1751.55,243.75,461.95,7784.05,1179.65,1263.95,540.2
2017-10-19,2583.9,926.95,705.5,1745.75,242.75,473.75,7731.1,1178.5,1257.7,535.75
2017-10-23,2587.9,939.5,712.0,1722.4,245.95,497.35,7818.5,1174.15,1249.95,540.4
2017-10-24,2578.4,926.5,719.3,1722.3,254.45,502.05,7875.0,1222.9,1270.05,534.55
2017-10-25,2559.9,935.3,717.6,1677.65,324.9,515.75,7870.2,1201.7,1272.45,523.25
2017-10-26,2538.85,947.35,729.2,1692.35,320.5,511.3,8068.05,1191.15,1273.7,530.15
2017-10-27,2584.3,946.35,726.8,1699.05,311.05,485.3,8114.45,1184.55,1260.15,549.9
2017-10-30,2616.2,944.1,718.25,1705.8,312.0,492.9,8195.25,1182.55,1234.2,553.1
2017-10-31,2624.0,921.85,703.8,1707.4,305.8,497.2,8211.25,1180.85,1237.45,552.9
2017-11-01,2602.85,927.05,707.3,1754.3,319.85,539.1,8238.4,1175.95,1258.0,548.7
2017-11-02,2626.15,922.9,706.1,1762.25,314.35,543.2,8225.8,1178.4,1241.5,563.45
2017-11-03,2620.1,926.65,708.9,1776.3,325.0,541.25,8219.4,1172.45,1239.5,551.25
2017-11-06,2665.55,928.7,706.8,1790.2,329.0,532.55,8310.2,1162.35,1240.6,541.2
2017-11-07,2710.05,955.5,693.2,1764.65,317.2,514.35,8220.3,1141.45,1234.2,527.6
2017-11-08,2735.0,952.3,693.15,1747.45,309.55,495.3,8232.0,1172.2,1235.3,537.8
2017-11-09,2736.4,954.5,703.4,1725.85,313.7,504.25,8204.8,1195.6,1252.9,533.9
2017-11-10,2708.75,962.05,702.25,1709.5,333.55,503.45,8183.5,1178.6,1290.65,527.85
2017-11-13,2758.95,951.95,691.05,1670.3,331.05,498.0,8109.2,1174.95,1279.5,532.55
2017-11-14,2714.6,949.1,685.5,1661.4,329.1,498.15,8122.95,1155.05,1283.9,526.05
2017-11-15,2705.3,951.8,677.75,1650.9,324.95,486.75,8127.25,1181.55,1265.0,504.65
2017-11-16,2746.65,988.4,686.35,1664.4,333.4,489.9,8163.7,1179.55,1276.5,508.55
2017-11-17,2707.3,970.95,701.2,1705.5,337.5,493.5,8348.35,1171.3,1278.15,517.1
2017-11-20,2703.45,960.55,702.15,1689.2,333.0,492.65,8425.65,1166.35,1274.5,517.15
2017-11-21,2672.95,966.25,711.35,1694.5,330.65,503.25,8424.8,1160.3,1277.35,538.05
2017-11-22,2680.65,966.3,711.05,1718.15,335.3,499.1,8513.15,1174.3,1270.45,535.25
2017-11-23,2681.25,991.25,712.7,1704.6,334.95,496.35,8463.4,1159.6,1267.5,544.75
2017-11-24,2688.05,1009.55,708.45,1711.05,332.4,496.8,8487.95,1159.6,1265.95,549.5
2017-11-27,2685.85,998.75,702.55,1711.0,335.65,498.0,8508.6,1156.5,1260.3,551.55
2017-11-28,2685.3,984.7,703.85,1725.5,332.0,492.0,8624.15,1171.0,1267.85,543.15
2017-11-29,2658.15,982.7,709.3,1704.15,328.9,495.75,8671.35,1153.85,1276.15,547.1
2017-11-30,2637.0,976.1,694.15,1675.7,320.35,496.45,8599.1,1146.75,1272.45,539.95
2017-12-01,2629.95,958.8,680.9,1658.8,312.75,484.15,8609.0,1133.75,1250.5,525.95
2017-12-04,2632.35,985.35,687.8,1680.4,313.6,484.3,8500.8,1121.0,1268.6,520.75
2017-12-05,2635.55,984.35,675.7,1679.5,319.1,490.65,8500.4,1115.0,1261.0,523.15
2017-12-06,2633.3,990.3,667.6,1648.4,312.4,483.45,8612.4,1104.35,1275.6,511.35
2017-12-07,2617.25,999.8,688.0,1655.55,316.4,514.7,8882.4,1144.4,1291.95,510.35
2017-12-08,2601.5,1001.85,697.8,1682.95,313.1,525.15,9042.25,1135.5,1326.65,521.85
2017-12-11,2661.1,1005.3,699.55,1709.95,318.4,532.7,9133.8,1125.85,1324.05,529.6
2017-12-12,2612.15,1010.5,689.85,1710.8,318.45,523.85,9131.35,1117.4,1314.65,520.85
2017-12-13,2628.4,1003.75,680.85,1696.7,313.3,517.35,9120.65,1116.55,1315.05,516.85
2017-12-14,2557.8,1013.1,685.75,1704.5,314.0,520.3,9112.75,1123.45,1321.6,514.4
2017-12-15,2545.6,1022.9,694.7,1723.0,312.25,517.95,9165.9,1118.7,1324.55,518.35
2017-12-18,2580.5,1016.6,704.7,1719.95,318.9,526.25,9309.1,1137.15,1331.75,529.8
2017-12-19,2575.3,1003.95,710.2,1709.15,319.8,536.6,9801.5,1137.7,1349.7,527.5
2017-12-20,2588.95,1015.85,702.8,1693.7,317.5,528.9,9733.9,1135.5,1362.65,527.25
2017-12-21,2595.7,1022.05,714.6,1701.9,316.75,524.1,9631.05,1137.9,1348.45,528.2
2017-12-22,2646.75,1039.35,711.2,1709.35,319.85,528.55,9700.0,1138.0,1356.5,530.95
2017-12-26,2649.45,1035.6,721.65,1713.2,317.15,542.95,9679.0,1150.75,1348.1,541.3
2017-12-27,2619.9,1034.25,723.45,1707.9,314.85,534.65,9644.1,1149.05,1352.45,576.3
2017-12-28,2626.95,1033.25,736.25,1696.15,308.4,531.35,9629.2,1144.4,1354.5,568.4
2017-12-29,2701.2,1042.05,732.4,1710.4,309.9,529.65,9729.55,1158.5,1367.85,571.15
